,id,frame,area,perimeter,areadiff,perimeterdiff,circularity,historicalRecord,pctarea,pctperimeter,pctcircularity,minPctarea,maxPctcircularity,Mitosis,Pre-Mitosis
0,1,0,1818.5,241.722871427475,,,0.391212834195693,False,,,,,,False,False
1,1,1,1266.0,201.823376490863,-552.5,-39.8994949366118,0.390684380132378,False,-30.382183117954355,-16.506296942853915,-0.13508096287319082,-30.382183117954355,-0.13508096287319082,False,False
2,1,2,1520.5,232.551298552221,254.5,30.727922061358,0.353414337575848,False,20.10268562401263,15.22515508145268,-9.539680737658763,-16.38713225185593,-9.539680737658763,False,False
3,1,3,1620.5,210.40916292849,100.0,-22.142135623731,0.46010294791303,False,6.576783952647158,-9.521398401806314,30.18796890612425,-10.888094583447893,30.18796890612425,False,False
4,1,4,1473.5,239.865007051206,-147.0,29.4558441227157,0.32192271937872,True,-9.071274298056153,13.99931624305113,-30.032458857540124,-18.971679956007705,-8.91067929307463,False,False
5,1,5,1443.0,226.107647738325,-30.5,-13.7573593128807,0.354789783089303,True,-2.069901594842216,-5.73545907425509,10.20961296984979,-20.64888644487215,10.20961296984979,False,False
6,1,6,1613.0,213.338095116624,170.0,-12.7695526217006,0.445484726832156,True,11.781011781011784,-5.6475544942554246,25.56300887616725,-0.4628201172477642,38.38250611572207,False,False
7,1,7,1262.0,192.225396744416,-351.0,-21.1126983722082,0.429312071959418,True,-21.760694358338494,-9.896356466793454,-3.6303500206935957,-22.122801604443076,33.35873677631363,False,False
8,1,8,1952.0,245.965512114594,690.0,53.7401153701779,0.405570778945305,True,54.67511885895404,27.95682374979367,-5.530078133082917,20.45664918235113,25.9838944352911,False,False
9,1,9,1144.5,190.267027304759,-807.5,-55.6984848098353,0.397396473537214,True,-41.36782786885246,-22.644835176683376,-2.015506499099473,-41.36782786885246,23.444680855129185,False,False
10,1,10,1334.0,256.735064736295,189.5,66.4680374315359,0.254402122535647,True,16.55744866754041,34.93408099821269,-35.9827931357263,-31.659836065573764,-28.29496939836843,False,False
11,1,11,1172.5,141.438600180013,-161.5,-115.296464556282,0.736736573915147,True,-12.10644677661169,-44.90873292851858,189.59529369174783,-39.933401639344254,189.59529369174783,False,False
12,1,12,1344.0,171.338095116624,171.5,29.8994949366117,0.575475286652736,True,14.626865671641799,21.13955801213887,-21.88859532321579,-31.147540983606557,126.20695178048287,False,False
13,1,13,716.0,111.882250993908,-628.0,-59.4558441227158,0.718995064173757,True,-46.726190476190474,-34.70089012151468,24.93934680597787,-63.31967213114754,182.62148798424863,False,False
14,1,14,1118.0,164.02438661764,402.0,52.1421356237311,0.522348361234176,True,56.14525139664806,46.60447493729023,-27.350215980350324,-16.815476190476186,105.3239006136768,False,False
15,1,15,1033.0,226.994949366117,-85.0,62.9705627484774,0.252001549225589,True,-7.602862254025045,38.39097590730134,-51.75603717217116,-23.139880952380953,-0.9436137112895482,False,False
16,1,16,1550.5,258.350288425444,517.5,31.3553390593275,0.292004232735437,True,50.096805421103575,13.81323203308562,15.87398316906301,15.364583333333325,15.87398316906301,False,False
17,1,17,1733.5,649.369624409202,183.0,391.019335983758,0.0516743692433944,True,11.802644308287658,151.35238995353407,-82.30355472613556,11.802644308287658,-79.49442398183986,False,False
18,1,18,804.5,150.468037431535,-929.0,-498.901586977667,0.446655630657838,True,-53.59100086530142,-76.82859934071736,764.365907504395,-53.59100086530142,764.365907504395,False,False
19,1,20,578.5,170.066017177982,-113.0,9.79898987322338,0.251422163406692,False,-28.09198259788689,13.024679580448662,-43.71006517114865,-66.62820882607441,386.5510060170335,False,False
20,1,21,514.0,164.852813742386,-64.5,-5.21320343559645,0.237741866680205,False,-11.149524632670705,-3.0653998500712487,-5.4411657831287545,-70.34900490337468,360.076959160166,False,False
21,1,22,1488.5,361.0609665441,974.5,196.208152801714,0.143523506350483,False,189.59143968871595,119.02020253553371,-39.63052938271846,-14.133256417652152,177.74602467707874,False,False
22,1,23,693.5,164.953318805774,-795.0,-196.107647738326,0.320375743773152,False,-53.40947262344642,-54.31427540212199,123.22179266635081,-59.994231323911166,519.9896553437003,False,False
23,1,24,324.0,81.254833995939,-369.5,-83.6984848098351,0.616853272588995,True,-53.28046142754146,-50.740709805533925,92.54056668714892,-78.2331205911992,329.7925045690045,False,False
24,1,25,575.0,139.053823869162,251.0,57.7989898732233,0.373798238225106,True,77.46913580246914,71.13298622468629,-39.40240656319496,-61.370507222035606,160.44391454058706,False,False
25,1,26,1221.0,291.078210486802,646.0,152.02438661764,0.181147168124738,True,112.3478260869565,109.32772820449887,-51.538784937865636,-17.97111185757474,26.214285541755356,False,False
26,2,28,404.5,110.183766184074,,,0.418811480286339,False,,,,,,False,False
27,2,29,618.5,163.497474683058,214.0,53.3137084989848,0.290839161197139,False,52.904820766378236,48.386173703590444,-30.556067613453695,52.904820766378236,-30.556067613453695,False,False
28,2,30,588.5,156.811183182043,-30.0,-6.68629150101523,0.300834528658292,False,-4.850444624090544,-4.089538088570754,3.436733698450567,-4.850444624090544,3.436733698450567,False,False
29,2,31,593.0,159.740115370178,4.5,2.9289321881345,0.292120465165731,False,0.7646559048428259,1.8678082319771638,-2.8966300947651735,-4.122877930476965,0.4405541410991365,False,False
30,2,32,384.0,97.1126983722081,-209.0,-62.6274169979696,0.511816707721173,True,-35.244519392917375,-39.20581680615328,75.2074122676753,-37.914308811641064,75.97929577793316,False,False
31,2,33,886.5,188.811183182043,502.5,91.6984848098351,0.31257813104558,True,130.859375,94.42481400154088,-38.92772034791291,43.330638641875495,7.474567647272834,False,False
32,2,34,1085.5,227.095454429505,199.0,38.2842712474622,0.264574645349279,True,22.447828539199087,20.276485005949073,-15.357275806764992,22.447828539199087,-9.030598128447076,False,False
33,2,35,956.5,220.124891681028,-129.0,-6.97056274847731,0.248131523180188,True,-11.883924458774754,-3.069441775480719,-6.2149274158087024,-11.883924458774754,-6.2149274158087024,False,False
34,2,36,1027.5,228.953318805774,71.0,8.82842712474616,0.246390081802748,True,7.422895974908528,4.010644619663828,-0.7018219028041006,-5.343159834177802,-0.7018219028041006,False,False
35,2,37,752.0,192.568542494924,-275.5,-36.3847763108504,0.254907393132787,True,-26.812652068126518,-15.89178811673657,3.4568401729975884,-30.723169046522337,3.4568401729975884,False,False
36,2,38,537.0,185.112698372208,-215.0,-7.45584412271569,0.196986806833291,True,-28.5904255319149,-3.8717871704889384,-22.7222073034672,-50.52970981114694,-20.050837520727672,False,False
37,2,39,624.0,182.426406871193,87.0,-2.68629150101526,0.235691792282279,True,16.201117318435763,-1.4511654384798844,19.64851660433473,-42.51497005988024,19.64851660433473,False,False
38,2,40,558.0,191.597979746447,-66.0,9.17157287525382,0.191067853950796,True,-10.576923076923073,5.027546742029432,-18.93317450700134,-45.69343065693431,-3.004745839402423,False,False
39,2,41,651.5,195.497474683058,93.5,3.89949493661166,0.214272972351984,True,16.75627240143369,2.035248462312289,12.144962075705212,-36.59367396593674,12.144962075705212,False,False
40,2,42,560.5,186.183766184074,-91.0,-9.31370849898477,0.203248464096473,True,-13.967766692248663,-4.764106807048762,-5.145076457613673,-25.4654255319149,6.375018033548319,False,False
41,2,43,595.0,198.911688245431,34.5,12.7279220613579,0.189030392687182,True,6.155218554861741,6.836214736774271,-6.9954139493729866,-8.672294704528017,-1.0663548166185532,False,False
42,2,44,536.0,183.112698372208,-59.0,-15.7989898732233,0.200938493727259,True,-9.91596638655462,-7.942715690859314,6.299569540535832,-17.728319263238678,6.299569540535832,False,False
43,2,45,571.5,195.01219330882,35.5,11.8994949366117,0.188898269214772,True,6.623134328358216,6.4984542537974255,-5.991995007601492,-12.279355333844977,-0.06989535943493497,False,False
44,2,46,681.5,215.698484809835,110.0,20.6862915010151,0.184122536469707,True,19.247594050743654,10.607691319207069,-2.5282035483528698,4.604758250191865,-2.5282035483528698,False,False
45,2,47,568.5,196.041630560343,-113.0,-19.6568542494923,0.185938419285727,True,-16.58107116654439,-9.113116518561526,0.986236041951738,-16.58107116654439,0.986236041951738,False,False
46,3,0,262.0,81.9411254969542,,,0.490492893219082,False,,,,,,False,False
47,3,1,258.0,69.7989898732233,-4.0,-12.1421356237309,0.665666510828549,False,-1.526717557251911,-14.818121608766798,35.71379321315151,-1.526717557251911,35.71379321315151,False,False
48,3,2,365.0,83.1126983722081,107.0,13.3137084989847,0.664191597384949,False,41.47286821705427,19.074356983054685,-0.2215694224671383,39.31297709923665,35.41309294532089,False,False
49,3,3,383.5,87.3553390593273,18.5,4.24264068711928,0.631715798924649,False,5.068493150684938,5.1046840858410825,-4.889522629940446,5.068493150684938,28.792039121857126,False,False
50,3,4,533.5,107.355339059327,150.0,20.0,0.581865229229372,True,39.113428943937414,22.89499441633065,-7.891296969323259,39.113428943937414,18.62867684190439,False,False
51,3,5,595.5,109.497474683058,62.0,2.14213562373094,0.624322284686999,True,11.621368322399238,1.9953694362114804,7.296716374315326,11.621368322399238,27.284674929661247,False,False
52,3,6,848.5,124.325901807804,253.0,14.8284271247462,0.690023510255907,True,42.48530646515534,13.54225489461478,10.523607306736938,42.48530646515534,18.588201458571586,False,False
53,3,7,1323.0,171.882250993909,474.5,47.5563491861042,0.562902343338154,True,55.922215674720086,38.25136073384174,-18.422729809685457,55.922215674720086,-3.258982482306527,False,False
54,3,8,1053.5,140.811183182043,-269.5,-31.0710678118656,0.667875515194444,True,-20.370370370370374,-18.07694955831539,18.648558333186593,-20.370370370370374,18.648558333186593,False,False
55,3,9,1294.0,163.39696961967,240.5,22.585786437627,0.609230389283421,True,22.828666350261038,16.039767529279047,-8.780846816034149,-2.191987906273618,8.230210176516572,False,False
56,3,11,1766.0,234.651803615609,236.0,35.6274169979696,0.403160693445467,False,36.47604327666152,43.60841829673765,-33.82459238127203,33.48450491307635,-28.37821724908417,False,False
57,3,12,1090.5,164.124891681028,-675.5,-70.5269119345814,0.508876086507479,False,-38.25028312570782,-30.05598544220589,26.22165175839777,-38.25028312570782,26.22165175839777,False,False
58,3,13,1058.5,181.982756057297,-32.0,17.8578643762691,0.401759046001826,False,-2.9344337459880743,10.880655696623553,-21.04972965831804,-40.06228765571914,-0.3476647070085992,False,False
59,3,14,1449.5,251.923881554251,391.0,69.9411254969545,0.287087854118753,False,36.93906471421824,38.43283122656587,-28.542280011923328,-17.92185730464326,-28.542280011923328,False,False
60,3,15,894.5,151.639610306789,-555.0,-100.284271247462,0.488979107179914,True,-38.28906519489479,-39.80736984074538,70.32385737142657,-49.34881087202718,70.32385737142657,False,False
61,3,16,745.5,133.497474683058,-149.0,-18.142135623731,0.525819665621146,True,-16.657350475125764,-11.96398196159092,7.5341784342693785,-57.785956964892414,83.15636070192032,False,False
62,3,17,1152.5,298.350288425445,407.0,164.852813742386,0.162750858339381,True,54.59423205902078,123.48758965948315,-69.04816061850315,-20.489824077268025,-43.309737418546575,False,False
63,3,18,1256.5,205.78174593052,104.0,-92.5685424949242,0.372978738187452,True,9.023861171366597,-31.026798393076472,129.171595156621,-13.314936184891346,129.171595156621,False,False
64,3,19,920.0,150.568542494924,-336.5,-55.2132034355966,0.510099164434411,True,-26.78074015121369,-26.83095295257051,36.76360398271412,-36.52983787512936,213.42333284087002,False,False
65,3,20,1509.5,202.267027304759,589.5,51.6984848098352,0.463786616007516,True,64.07608695652173,34.335515210010016,-9.07912650244105,20.135296458416228,184.96723196408053,False,False
66,3,21,1158.5,176.267027304759,-351.0,-26.0000000000001,0.468693742349949,True,-23.25273269294469,-12.8542948133733,1.0580569108862514,-23.25273269294469,187.98234745563778,False,False
67,3,22,2019.5,310.551298552221,861.0,134.284271247462,0.263216091546206,True,74.32024169184291,76.18229756339487,-43.840493746196344,33.78602186154356,61.72946442919947,False,False
68,3,23,1483.5,242.894444302728,-536.0,-67.6568542494926,0.31607319438012,True,-26.54122307501857,-21.78604776888934,20.081258149308567,-26.54122307501857,20.081258149308567,False,False
69,3,24,1845.0,285.622366364086,361.5,42.727922061358,0.284280599292034,True,24.3680485338726,17.591148362415687,-10.058617957285932,-8.64075266154989,8.002743153767344,False,False
70,3,25,2115.5,267.237590053236,270.5,-18.3847763108503,0.372351591195787,True,14.661246612466128,-6.436742522962913,30.980303307043467,4.753651894033184,41.46232056273158,False,False
71,3,26,1795.0,310.166522241371,-320.5,42.9289321881346,0.234536202809609,True,-15.150082722760573,16.063957237297053,-37.01216582520605,-15.150082722760573,-10.89594810413118,False,False
72,3,27,1688.0,256.710678118655,-107.0,-53.4558441227159,0.321973295025436,True,-5.961002785515324,-17.23456282013466,37.28085095963047,-20.207988655164264,37.28085095963047,False,False
73,3,33,878.5,171.982756057297,-134.916666666667,-14.1213203435597,0.373342331139843,False,-47.95616113744076,-33.00521921499333,15.95443998246775,-58.4731741904987,59.18324193340572,False,False
74,3,34,1518.0,206.166522241371,639.5,34.1837661840737,0.448921865768029,False,72.79453614114968,19.876275370703734,20.244030297190196,-28.243913968329004,91.40834565845397,False,False
75,3,35,1125.0,186.02438661764,-393.0,-20.142135623731,0.408646739119956,False,-25.889328063241102,-9.769838189417312,-8.97152260096956,-46.821082486409836,74.23610266756381,False,False
76,3,36,830.5,140.325901807804,-294.5,-45.6984848098352,0.53015056753627,False,-26.177777777777777,-24.56585700441847,29.73321864209155,-53.7325905292479,126.04210402716967,False,False
77,3,38,852.5,127.01219330882,11.0,-6.65685424949237,0.664261120827706,False,2.6490066225165476,-9.487705639133527,25.2966914502569,-49.49644549763034,106.30938375657189,False,False
78,3,39,897.0,130.7695526217,44.5,3.75735931288071,0.659347622902716,False,5.219941348973611,2.958266615980931,-0.7396937395444114,-40.90909090909091,76.60671397472574,False,False
79,3,40,721.5,143.698484809835,-175.5,12.9289321881346,0.439204959380325,False,-19.565217391304344,9.886806163156958,-33.38795134397142,-52.4703557312253,7.4779063026852555,False,False
80,3,41,1579.5,185.982756057297,858.0,42.284271247462,0.573996903516427,False,118.9189189189189,29.425690398489124,30.689986817607927,40.39999999999999,40.46286157882035,False,False
81,3,42,1657.5,220.468037431536,78.0,34.4852813742387,0.428644783223116,True,4.938271604938271,18.54219289212753,-25.322805646311508,4.938271604938271,-2.404384543405058,False,False
82,3,43,1392.5,204.124891681028,-265.0,-16.3431457505077,0.420086327618409,True,-15.987933634992457,-7.412932024481411,-1.9966312293254296,-15.987933634992457,-1.9966312293254296,False,False
83,3,44,1497.0,193.681240867132,104.5,-10.4436508138959,0.501628219749496,True,7.504488330341119,-5.116304399668992,19.410746499028342,-9.683257918552036,19.410746499028342,False,False
84,3,45,1790.0,202.02438661764,293.0,8.3431457505076,0.551290761907357,True,19.572478289913153,4.307668472772486,9.900268805184375,7.993966817496223,31.23273138470943,False,False
85,3,46,2107.5,233.923881554251,317.5,31.8994949366117,0.484120794789684,True,17.73743016759777,15.789922924990908,-12.184127099332887,17.73743016759777,15.243168596870316,False,False
86,3,47,2696.5,298.208152801713,589.0,64.284271247462,0.381150660884755,True,27.947805456702255,27.480850104034115,-21.269512694587345,27.947805456702255,-9.268491777485721,False,False
87,4,0,3706.0,233.338095116625,,,0.855597282278076,False,,,,,,False,False
88,4,1,4033.5,243.580735803744,327.5,10.2426406871193,0.854538163265852,False,8.837021046950898,4.389613569957196,-0.1237870940174135,8.837021046950898,-0.1237870940174135,False,False
89,4,2,3625.0,237.338095116625,-408.5,-6.24264068711935,0.808925235142725,False,-10.127680674352302,-2.5628630550442177,-5.337728621598914,-10.127680674352302,-5.337728621598914,False,False
90,4,3,4805.5,274.492424049176,1180.5,37.1543289325509,0.801702308775697,False,32.565517241379304,15.654599786980604,-0.8929040723712256,19.139704970868966,-0.8929040723712256,False,False
91,4,4,3750.0,258.450793488833,-1055.5,-16.0416305603428,0.705684869178656,True,-21.964415773592762,-5.844106851367625,-11.976694908571739,-21.964415773592762,-11.976694908571739,False,False
92,4,5,4646.0,274.936074863072,896.0,16.4852813742388,0.772593458794184,True,23.893333333333345,6.378499037168273,9.481369452260257,-3.3191135157631835,9.481369452260257,False,False
93,4,6,5225.5,291.178715550191,579.5,16.2426406871192,0.774718412580868,True,12.47309513560051,5.9077880904528035,0.2750416486829499,8.73998543335761,9.782488815802438,False,False
94,4,7,5268.5,283.237590053236,43.0,-7.94112549695438,0.825506469273585,True,0.8228877619366637,-2.7272341942816802,6.5556795692416125,0.8228877619366637,16.979477005704947,False,False
95,4,8,5039.5,279.663996924429,-229.0,-3.57359312880692,0.809933955715493,True,-4.346588212963843,-1.261694511711986,-1.8864193241023508,-4.346588212963843,14.772753546235462,False,False
96,4,9,2355.5,212.40916292849,-2684.0,-67.2548339959394,0.656253890927436,True,-53.2592519099117,-24.048441964488067,-18.974394603853405,-55.290879757046596,-7.004681609335417,False,False
97,4,10,2765.0,222.994949366117,409.5,10.5857864376269,0.698940746928632,True,17.384843982169397,4.983676924140434,6.504625205477965,-47.51826895700864,6.504625205477965,False,False
98,4,11,4014.0,280.450793488833,1249.0,57.4558441227159,0.64150389795902,True,45.171790235081374,25.765536074265082,-8.217699314571059,-23.811331498528997,-2.247604650019064,False,False
99,4,12,4987.5,309.80613254816,973.5,29.3553390593276,0.653187952322691,True,24.252615844544103,10.467197719123522,1.8213536037496425,-5.333586409794055,1.8213536037496425,False,False
100,4,13,5174.5,320.066017177983,187.0,10.2598846298222,0.634928084864914,True,3.749373433583969,3.311711277448026,-2.795499732174511,2.6788371862287885,-1.025062063539639,False,False
101,4,14,6091.0,373.078210486803,916.5,53.01219330882,0.550077786328226,True,17.71185621799207,16.562893423121807,-13.363765213621093,17.71185621799207,-13.363765213621093,False,False
102,4,15,7541.5,367.521861300699,1450.5,-5.55634918610406,0.701821483697914,True,23.813823674273515,-1.4893255703285146,27.585861698320603,23.813823674273515,27.585861698320603,False,False
103,4,16,6749.5,350.149278298668,-792.0,-17.3725830020305,0.691990939743197,True,-10.501889544520326,-4.726952279939923,-1.400718584862859,-10.501889544520326,25.798742821854816,False,False
104,4,18,7568.5,376.007142674937,409.5,12.9289321881344,0.672903679576591,False,12.134232165345571,7.384811558632687,-2.75831070471666,0.35801896174501024,22.328822632200595,False,False
105,4,19,6575.0,343.279220613579,-993.5,-32.7279220613579,0.701351941987282,False,-13.126775450881944,-8.704069244145096,4.227687152579018,-13.126775450881944,27.500502550523322,False,False
106,4,20,6581.0,347.42135623731,6.0,4.14213562373106,0.685352728076017,False,0.09125475285172158,1.2066374470110164,-2.2811962088436277,-13.047499504525339,24.591965920084213,False,False
107,4,21,5611.0,339.279220613579,-970.0,-8.14213562373101,0.612718541582162,False,-14.739401306792278,-2.3435909962223,-10.59807359310586,-25.863777498843888,-8.94409405404042,False,False
108,4,23,3463.0,274.994949366117,-1074.0,-32.1421356237311,0.575623259234404,False,-38.28194617715203,-18.94730574162642,-6.0542124695574735,-54.244566294510136,-6.0542124695574735,False,False
109,4,24,3519.0,288.651803615609,56.0,13.6568542494925,0.530891770815322,False,1.6170950043315147,4.96622002730307,-7.770966113943389,-53.504657461848446,-7.770966113943389,False,False
110,4,25,3876.0,306.107647738325,357.0,17.4558441227159,0.519960898953641,False,10.144927536231885,6.047370535734298,-2.0589642677817155,-41.103175809147544,-2.0589642677817155,False,False
111,4,26,3240.0,295.622366364087,-636.0,-10.4852813742388,0.466021238546734,False,-16.408668730650156,-3.425357534092488,-10.373791666922273,-50.767360583497954,-10.373791666922273,False,False
112,4,27,2827.0,240.509667991878,-413.0,-55.1126983722082,0.614321915255588,True,-12.746913580246911,-18.642939318174754,31.82272918962297,-49.616824095526646,31.82272918962297,False,False
113,4,28,3161.5,275.722871427475,334.5,35.2132034355966,0.5227365635488,True,11.832331093031478,14.641076065510262,-14.908364724166479,-18.43395252837977,12.17011593268371,False,False
114,4,29,2278.5,238.953318805774,-883.0,-36.7695526217007,0.501600749827094,True,-27.929780167641937,-13.335691896481915,-4.04330119519809,-41.21517027863777,7.634740294522446,False,False
115,4,30,2742.0,240.166522241371,463.5,1.21320343559651,0.597554869191871,True,20.342330480579317,0.5077156666667415,19.12958052751179,-29.25696594427245,28.22481461474129,False,False
116,4,31,3523.0,272.994949366117,781.0,32.8284271247463,0.594208275986224,True,28.48285922684173,13.669027147652546,-0.5600478513668183,8.73456790123457,27.506694295572352,False,False
117,4,32,2620.0,232.509667991878,-903.0,-40.4852813742388,0.609192484632982,True,-25.631564007947773,-14.830047760313569,2.5217098536516103,-25.631564007947773,21.449675831420855,False,False
118,4,33,3592.0,280.166522241371,972.0,47.6568542494924,0.575226820610427,True,37.09923664122137,20.496719410032348,-5.575522495655583,1.9585580471189301,14.678221834539219,False,False
119,4,34,3907.0,302.107647738325,315.0,21.9411254969544,0.538090407640996,True,8.769487750556792,7.831458705851779,-6.455959916824117,8.769487750556792,7.274641799574733,False,False
120,4,35,6073.5,344.634559672907,2166.5,42.5269119345813,0.642771572956854,True,55.45175326337344,14.076741271845371,19.454196512214985,55.45175326337344,19.454196512214985,False,False
121,4,36,6593.0,343.220346110534,519.5,-1.41421356237299,0.70351328597075,True,8.553552317444634,-0.4103516384761918,9.449968786652185,8.553552317444634,30.742580796965456,False,False
122,4,37,6000.5,342.776695296638,-592.5,-0.443650813895829,0.641948432717882,True,-8.986804186258157,-0.12926122210514812,-8.751057653149664,-8.986804186258157,19.301222174207243,False,False
123,4,38,5147.0,363.078210486803,-853.5,20.3015151901649,0.490782505506362,True,-14.223814682109825,5.9226649503100415,-23.54798602303826,-21.93235249507053,-8.791812948688914,False,False
124,4,39,6445.5,416.291413922399,1298.5,53.2132034355967,0.467516543357216,True,25.228288323295132,14.656126944178084,-4.740585063263714,-2.2372212953132076,-4.740585063263714,False,False
125,4,40,4982.5,333.521861300699,-1463.0,-82.7695526217007,0.56303315991087,True,-22.69800636102707,-19.882599028844993,20.430638853494543,-24.427423024419838,20.430638853494543,False,False
126,4,41,6662.5,430.291413922399,1680.0,96.7695526217008,0.452321404104979,True,33.7180130456598,29.014455677450712,-19.66345211770778,1.054148339147587,-3.250182152511938,False,False
127,4,42,6385.5,391.178715550191,-277.0,-39.1126983722084,0.524541379714594,True,-4.15759849906191,-9.089816135457863,15.96651738215189,-4.15759849906191,15.96651738215189,False,False
128,4,43,6149.5,398.350288425445,-236.0,7.17157287525384,0.487129927223671,True,-3.6958734633153245,1.833323897791117,-7.1322213914331805,-7.699812382739212,7.695528622521985,False,False
129,4,44,6810.5,399.66399692443,661.0,1.31370849898497,0.535949932204667,True,10.748841369217011,0.3297872593936546,10.021967908898311,2.2213883677298263,18.488739940389532,False,False
130,4,45,6366.0,345.563491861041,-444.5,-54.1005050633885,0.67011016261241,True,-6.5266867337199885,-13.536497027431416,25.03223199522866,-6.5266867337199885,48.149116210491,False,False
131,4,46,7589.0,412.67619023325,1223.0,67.1126983722083,0.560145698705269,True,19.211435752434802,19.421235157328653,-16.409908406469597,11.430878790103517,23.837981935355224,False,False
132,4,47,9160.5,446.291413922399,1571.5,33.6152236891496,0.578119200543591,True,20.70760310976414,8.145665896098642,3.208719067175969,20.70760310976414,18.678645723636954,False,False
133,5,28,1319.5,173.095454429505,,,0.553571019322076,False,,,,,,False,False
134,5,39,1763.0,315.989898732234,40.3181818181818,12.9904040275208,0.221942866336376,False,33.61121636983706,82.55239559795852,-59.90706547315724,33.61121636983706,-59.90706547315724,False,False
135,5,40,1758.5,297.80613254816,-4.5,-18.1837661840736,0.249235772941349,False,-0.25524673851389235,-5.754540337215874,12.297266884716151,-0.25524673851389235,12.297266884716151,False,False
136,5,41,1382.5,260.291413922399,-376.0,-37.5147186257615,0.25649608021947,False,-21.381859539380155,-12.597026899603648,2.913027769825627,-21.582529778786164,15.568517453823127,False,False
137,5,42,1490.5,258.007142674937,108.0,-2.28427124746202,0.281451650467726,False,7.811934900542505,-0.8775822502324337,9.729415836258726,-15.456608054452637,26.812659092704827,False,False
138,5,43,1612.5,254.149278298668,122.0,-3.85786437626905,0.313803107109612,True,8.185172760818515,-1.495254874059626,11.494498820000953,-8.536585365853655,41.389138695727624,False,False
139,5,44,966.5,196.208152801713,-646.0,-57.9411254969546,0.315575324728979,True,-40.06201550387597,-22.798068082201862,0.5647546436651218,-45.178672716959724,42.18764042214986,False,False
140,5,45,1302.5,255.462986797653,336.0,59.2548339959394,0.25087479963152,True,34.764614588722196,30.19998565290132,-20.502403080159958,-25.931191356269544,0.6576209630054564,False,False
141,5,46,1343.0,265.220346110533,40.5,9.75735931288074,0.239992469945367,True,3.109404990403064,3.8194806359985956,-4.337753214805451,-16.713178294573638,-4.337753214805451,False,False
142,5,47,1592.0,289.705627484772,249.0,24.4852813742386,0.238431965192298,True,18.54058078927774,9.232052417288727,-0.6502307149154452,-1.2713178294573635,-0.6502307149154452,False,False
143,6,0,1962.5,223.095454429505,,,0.495636749209968,False,,,,,,False,False
144,6,1,1642.0,204.852813742386,-320.5,-18.2426406871194,0.491840812620294,False,-16.3312101910828,-8.177056199450005,-0.7658706897187506,-16.3312101910828,-0.7658706897187506,False,False
145,6,2,1792.0,246.509667991878,150.0,41.6568542494925,0.370685304783342,False,9.135200974421442,20.33501687796091,-24.633073288792986,-8.687898089171975,-24.633073288792986,False,False
146,6,3,3056.0,301.965512114594,1264.0,55.4558441227159,0.421283004161467,False,70.53571428571428,22.49641751354887,13.64977211807692,55.71974522292993,13.64977211807692,False,False
147,6,4,3139.0,303.338095116625,83.0,1.37258300203041,0.428817680156033,True,2.7159685863874294,0.4545495915805553,1.7885069941435683,2.7159685863874294,15.682406241236935,False,False
148,6,5,2734.0,286.166522241371,-405.0,-17.1715728752537,0.419658608947725,True,-12.9021981522778,-5.660869225361232,-2.135889360945964,-12.9021981522778,13.211558033844062,False,False
149,6,6,2536.0,242.852813742386,-198.0,-43.3137084989849,0.540503172709294,True,-7.242136064374538,-15.135840544776059,28.79592153836217,-19.209939471169157,45.81186945762716,False,False
150,6,7,2972.5,272.610173055267,436.5,29.7573593128807,0.502774246773399,True,17.21214511041009,12.253248728856448,-6.980333852024822,-5.304237018158653,35.633714173606165,False,False
151,6,8,2094.5,216.124891681028,-878.0,-56.4852813742387,0.563645527369068,True,-29.537426408746846,-20.720166361065186,12.10708006353074,-33.27492832112138,34.310488418761075,False,False
152,6,9,3363.5,248.267027304759,1269.0,32.1421356237311,0.685943936532403,True,60.58725232752447,14.872019309635377,21.697752084397457,7.151959222682391,63.45284521920722,False,False
153,6,10,2943.5,236.752308678998,-420.0,-11.5147186257615,0.660101732252884,True,-12.48699271592092,-4.638037821923968,-3.767393062785418,-12.48699271592092,57.29493406749342,False,False
154,6,11,2851.0,233.39696961967,-92.5,-3.35533905932743,0.657873009639045,True,-3.142517411245116,-1.4172360464190237,-0.3376332018145911,-15.23710420692731,30.848589374059433,False,False
164,7,9,4348.5,461.570634535979,-1320.5,-160.752308678998,0.256565590572153,True,-23.293349797142348,-25.831011122382364,39.44029744579041,-23.293349797142348,39.44029744579041,False,False
165,7,10,4572.0,454.700576850889,223.5,-6.87005768508908,0.277965239348358,True,5.139703345981372,-1.4884087441993765,8.340810132988906,-19.35085553007585,51.07074790461876,False,False
166,7,11,4128.5,507.511760032933,-443.5,52.8111831820436,0.201481579269296,True,-9.700349956255472,11.614496631562998,-27.515548439928985,-27.174104780384546,9.502803086360379,False,False
167,7,12,4043.5,507.570634535979,-85.0,0.0588745030455584,0.197287581525039,True,-2.0588591498122755,0.011600618484619574,-2.0815787524929963,-28.673487387546302,7.223416003930461,False,False
168,7,13,3519.0,490.759451353935,-524.5,-16.8111831820435,0.183661107983634,True,-12.971435637442807,-3.3120874294496616,-6.906908907328047,-37.92556006350326,-0.18240766678641052,False,False
169,7,14,3628.0,481.872149726143,109.0,-8.88730162779183,0.196398833039673,True,3.0974708724069266,-1.8109282670508375,6.935450404216259,-20.647419072615925,6.935450404216259,False,False
170,7,15,4036.5,469.002092041054,408.5,-12.8700576850889,0.230669765766426,True,11.259647188533627,-2.670844889542434,17.44966209642915,-11.712598425196852,25.59532516104659,False,False
171,7,16,4618.0,468.215295476651,581.5,-0.786796564403573,0.264787825047741,True,14.406044840827459,-0.16775971317717353,14.790867441146416,11.856606515683655,44.17196321789378,False,False
172,7,17,2584.0,386.67619023325,-2034.0,-81.5391052434014,0.217236563993147,True,-44.0450411433521,-17.414874317677477,-17.958250552502008,-44.0450411433521,18.28120083676339,False,False
173,7,18,2576.0,319.362481734265,-8.0,-67.313708498985,0.317477789228432,True,-0.3095975232198178,-17.40828895060236,46.143809031359574,-44.21827631009096,72.86065227087836,False,False
174,7,19,2292.5,306.918830920369,-283.5,-12.4436508138959,0.305912731239501,True,-11.005434782608692,-3.896403468034826,-3.6427927815163352,-50.357297531398885,55.76097194921008,False,False
175,7,20,2290.0,310.735064736295,-2.5,3.81623381592613,0.298119395899034,True,-0.10905125408942062,1.2434016526396086,-2.5475681606613287,-50.41143352100477,37.23260505466224,False,False
176,7,21,2962.0,436.558441227158,672.0,125.823376490864,0.195359957307679,True,29.344978165938862,40.49217187562753,-34.46922273589915,-35.85967951494153,-10.070407247906077,False,False
177,7,22,2899.0,376.475180106473,-63.0,-60.0832611206856,0.257105160430362,True,-2.1269412559081657,-13.762936515851598,31.60586436115893,-2.1269412559081657,31.60586436115893,False,False
178,7,23,3657.5,618.967604155649,758.5,242.492424049176,0.120000698475863,True,26.164194549844776,64.41126450370393,-53.326219405710575,23.480756245779876,-38.57456761885454,False,False
179,7,24,4038.0,671.695526217007,380.5,52.727922061358,0.112501077202606,True,10.403280929596725,8.518688491506055,-6.249648017478393,10.403280929596725,-6.249648017478393,False,False
180,7,25,3796.5,693.73715677735,-241.5,22.0416305603428,0.0991582308822676,True,-5.980683506686479,3.281491345413845,-11.860194277348057,-5.980683506686479,-11.860194277348057,False,False
181,7,26,4452.5,712.080302527857,656.0,18.3431457505075,0.110377679807392,True,17.279072830238373,2.6441059948002943,11.314692512460667,10.264982664685496,11.314692512460667,False,False
182,7,27,4824.0,819.837661840738,371.5,107.757359312881,0.0902166811760676,True,8.343627175743972,15.132753838344716,-18.26546695537101,8.343627175743972,-9.017455864875679,False,False
183,7,28,3284.0,495.043722601397,-1540.0,-324.793939239341,0.16844235725877,True,-31.92371475953566,-39.616860063503104,86.70866081854255,-31.92371475953566,86.70866081854255,False,False
184,7,29,3824.5,571.913780286486,540.5,76.870057685089,0.146976811265072,True,16.458587088915966,15.527933024005613,-12.743555922054384,-20.71932006633499,62.915338215812746,False,False
185,7,30,4787.0,683.185858225128,962.5,111.272077938642,0.128920199587355,True,25.166688456007314,19.456093168956844,-12.285347275055504,-0.7669983416252024,42.90062315166894,False,False
186,7,31,4380.0,585.813275223098,-407.0,-97.3725830020304,0.160431989812905,True,-8.502193440568206,-14.252722276043228,24.442864908999695,-9.203980099502484,77.82962942275013,False,False
187,7,32,4811.0,738.180807591246,431.0,152.367532368148,0.11098010606657,True,9.840182648401829,26.009573154538224,-30.824203953342188,-0.2694859038142594,23.015061760009026,False,False
188,7,33,4700.5,631.227488785471,-110.5,-106.953318805775,0.1482885190898,True,-2.296819787985871,-14.488769920038125,33.617207935313246,-2.296819787985871,33.617207935313246,False,False
189,7,34,5077.5,589.08535316174,377.0,-42.1421356237308,0.183919916187573,True,8.02042335921711,-6.676219963870011,24.02842601469064,5.539388900436504,65.72331988694533,False,False
190,7,35,4977.0,686.440692221068,-100.5,97.3553390593277,0.132769059012453,True,-1.9793205317577556,16.52652515239128,-27.811483517072265,-1.9793205317577556,19.633206092642563,False,False
191,7,36,5087.5,549.771644662755,110.5,-136.669047558313,0.211580201593465,True,2.2202129797066483,-19.909811453062698,59.359570043815665,0.1969473165928104,90.64696285886708,False,False
192,7,37,4194.0,581.185858225128,-893.5,31.4142135623731,0.156075101972389,True,-17.562653562653562,5.714047617287243,-26.23359804133506,-17.562653562653562,40.63340494445855,False,False
193,7,38,3418.0,458.818325856981,-776.0,-122.367532368148,0.204091926064036,True,-18.502622794468294,-21.05480211473878,30.765204369459,-32.81572481572481,53.71949427230127,False,False
194,7,39,3157.0,346.735064736295,-261.0,-112.083261120686,0.330076292747064,True,-7.636044470450553,-24.42868011240329,61.72922619364134,-37.945945945945944,148.60934859537167,False,False
195,7,40,3690.0,469.563491861041,533.0,122.828427124746,0.210364763661533,True,16.883116883116877,35.42428776799993,-36.267836168793075,-27.469287469287472,58.444117346498594,False,False
196,7,41,3918.5,522.776695296638,228.5,53.2132034355966,0.180228177339101,True,6.192411924119234,11.332483116328929,-14.325871784744503,-22.977886977886975,15.475290460476444,False,False
197,7,42,4089.0,526.107647738326,170.5,3.33095244168771,0.185696260597189,True,4.351154778614275,0.6371654420819217,3.0339780043382225,-2.5035765379113006,18.97878537349298,False,False
198,7,43,4573.0,486.735064736295,484.0,-39.3725830020304,0.24263375005913,True,11.836634874052333,-7.48375036388258,30.661624137628387,11.836634874052333,34.6258690740751,False,False
199,7,44,6138.0,615.813275223098,1565.0,129.078210486803,0.20345298594119,True,34.2226109774765,26.519192850166952,-16.148109695535606,34.2226109774765,12.886336057425307,False,False
200,7,45,5465.0,464.901586977666,-673.0,-150.911688245432,0.317836219674383,True,-10.964483545128711,-24.5060790855409,56.220965843311134,-10.964483545128711,76.3521244940358,False,False
201,7,46,6091.5,384.149278298668,626.5,-80.7523086789981,0.518871101071238,True,11.463860933211345,-17.369764040594116,63.25109252897965,-0.7575757575757569,187.8967699345798,False,False
202,7,47,5745.0,504.818325856981,-346.5,120.669047558313,0.283370793470161,True,-5.688254124599856,31.412019851432692,-45.387054147913354,-6.402737047898343,52.599084418208555,False,False
203,9,0,3031.5,262.894444302729,,,0.551353370184034,False,,,,,,False,False
204,9,1,3640.5,300.551298552221,609.0,37.6568542494925,0.50659289636638,False,20.08906481939634,14.32394448249703,-8.11829150562977,20.08906481939634,-8.11829150562977,False,False
205,9,2,2670.5,269.580735803744,-970.0,-30.9705627484772,0.461902328178199,False,-26.64469166323308,-10.304584574302156,-8.821791325684082,-26.64469166323308,-8.821791325684082,False,False
206,9,3,2051.0,231.338095116625,-619.5,-38.2426406871194,0.481733255120248,False,-23.197903014416777,-14.18596939914869,4.29331608270187,-43.66158494712265,4.29331608270187,False,False
207,9,4,2799.5,314.007142674937,748.5,82.6690475583125,0.356891903398922,True,36.49439297903461,35.73516394549539,-25.915037086273752,-23.101222359566,-22.734335458635012,False,False
214,9,11,2266.0,306.249783362056,-864.5,-17.2720779386422,0.303699168525683,True,-27.615396901453437,-5.338766867005762,-19.22036581101446,-27.615396901453437,-6.086481108770148,False,False
215,9,12,2095.5,216.40916292849,-170.5,-89.8406204335663,0.56243411126648,True,-7.524271844660191,-29.33573354641503,85.19448505467886,-33.06181121226641,85.19448505467886,False,False
216,9,14,1907.5,234.953318805774,-94.0,9.27207793864207,0.434346830113299,False,-8.971605821999518,8.569025278939657,-22.77373981900852,-39.06724165468775,43.01877486917369,False,False
217,9,15,2491.5,264.752308678998,584.0,29.7989898732235,0.446803593527676,False,30.615989515072073,12.682940604834613,2.8679300850722678,-20.412074748442745,47.1204533409485,False,False
218,9,16,2315.5,259.237590053236,-176.0,-5.51471862576142,0.433095939555361,False,-7.064017660044152,-2.08297281835923,-3.067937270622223,-26.03417984347548,42.606890120193164,False,False
228,9,28,3207.5,430.090403795623,-288.5,-4.38477631085033,0.217962829664207,True,-8.252288329519452,-1.00921215103138,-6.372014411008886,-22.30834443502483,9.424036266027368,False,False
229,9,29,3060.5,410.634559672907,-147.0,-19.4558441227158,0.228148000272528,True,-4.5830085736555,-4.523663850905468,4.672893366273612,-25.868959670582537,14.537304797811391,False,False
230,9,30,2587.5,377.119841047145,-473.0,-33.5147186257614,0.228695106498217,True,-15.45499101454011,-8.161689715658216,0.2398032088975155,-25.986842105263154,14.81196893010126,False,False
231,9,31,3274.5,388.43354954613,687.0,11.3137084989849,0.272801532375253,True,26.550724637681157,3.0000300349009468,19.28612577347819,-6.3358123569794085,36.9547496609673,False,False
232,9,32,3331.0,361.019335983757,56.5,-27.4142135623732,0.321254325727144,True,1.7254542678271534,-7.0576327905778165,17.761188117243275,-4.71967963386728,47.3895004125555,False,False
233,9,33,3670.0,438.475180106473,339.0,77.455844122716,0.239944782950402,True,10.17712398679076,21.45476333328609,-25.310022703259072,10.17712398679076,10.085184395917569,False,False
234,9,34,3196.0,356.676190233249,-474.0,-81.7989898732236,0.315786681923988,True,-12.915531335149865,-18.655329556706292,31.608063338998704,-12.915531335149865,38.41308341373741,False,False
235,9,35,2972.0,400.475180106473,-224.0,43.7989898732235,0.232933993278894,True,-7.008760951188986,12.279762729489052,-26.236916687017608,-19.01907356948229,1.853510049070528,False,False
236,9,36,3806.0,422.617315730204,834.0,22.1421356237311,0.267861000790801,True,28.061911170928667,5.528965769575067,14.994379746921949,3.705722070844697,14.994379746921949,False,False
248,11,0,1668.5,205.154328932551,,,0.498310591254267,False,,,,,,False,False
249,11,1,966.5,163.01219330882,-702.0,-42.142135623731,0.457190243978639,False,-42.073718909199876,-20.541675061405197,-8.2519512924914,-42.073718909199876,-8.2519512924914,False,False
250,11,2,989.0,167.597979746447,22.5,4.58578643762692,0.442582268771029,False,2.3279875840662267,2.813155472940254,-3.195163370172982,-40.72520227749475,-3.195163370172982,False,False
251,11,3,893.0,190.568542494924,-96.0,22.9705627484772,0.309089542511135,False,-9.706774519716888,13.705751574827051,-30.162240035186947,-46.47887323943662,-30.162240035186947,False,False
252,11,4,809.0,172.568542494924,-84.0,-18.0000000000001,0.341476276456814,True,-9.406494960806267,-9.44542040587808,10.478107309150463,-51.51333533113576,10.478107309150463,False,False
253,11,5,957.5,177.296464556282,148.5,4.72792206135796,0.382889898968933,True,18.35599505562422,2.7397357554300728,12.127818348562936,-42.61312556188193,23.87669147853466,False,False
254,11,6,769.0,133.254833995939,-188.5,-44.0416305603428,0.544371866271413,True,-19.686684073107052,-24.840670495356754,42.17451746241609,-22.24469160768453,76.12108835801259,False,False
255,11,7,691.0,112.426406871193,-78.0,-20.8284271247461,0.687189734543154,True,-10.143042912873867,-15.63052273614387,26.235350707954264,-30.1314459049545,122.32707355940322,False,False
256,11,8,1190.0,216.568542494924,499.0,104.142135623731,0.318927149743738,True,72.21418234442835,92.63138307270349,-53.58965163300034,24.281984334203656,3.1827693530746215,False,False
257,11,9,1102.0,233.740115370178,-88.0,17.1715728752538,0.25354226402344,True,-7.394957983193273,7.928932188134596,-20.501511324086263,-7.394957983193273,-20.501511324086263,False,False
258,11,10,342.0,68.2842712474619,-760.0,-165.455844122716,0.921976870429518,True,-68.96551724137932,-70.78624217356999,263.63833618851066,-71.26050420168067,263.63833618851066,False,False
259,11,11,342.0,68.2842712474619,0.0,0.0,0.921976870429518,True,0.0,0.0,0.0,-71.26050420168067,263.63833618851066,False,False
260,11,12,689.5,102.669047558312,347.5,34.3847763108502,0.822224629595712,True,101.60818713450293,50.355339059327186,-10.81938647629358,-42.05882352941176,224.29489922031195,False,False
261,11,13,1026.5,126.669047558312,337.0,24.0,0.804179913588855,True,48.87599709934736,23.376081273539562,-2.194621196853419,-13.739495798319323,217.17785462170855,False,False
262,11,14,1591.5,208.124891681028,565.0,81.4558441227159,0.461842474077803,True,55.04140282513394,64.30603663078611,-42.56975755378981,44.419237749546284,82.15601089493532,False,False
263,11,15,676.0,100.426406871193,-915.5,-107.698484809835,0.842531456807896,True,-57.52434809927741,-51.747046660278194,82.42831790000355,-57.52434809927741,82.42831790000355,False,False
264,11,16,749.5,107.154328932551,73.5,6.72792206135782,0.82051679173354,True,10.872781065088756,6.699355548971542,-2.6129190662818824,-52.90606346214264,77.66161359929704,False,False
265,11,17,834.0,123.39696961967,84.5,16.2426406871193,0.688481602278913,True,11.274182788525678,15.158174988285399,-16.091710832105065,-47.596606974552316,49.072820479246325,False,False
266,11,18,1330.0,145.053823869162,496.0,21.6568542494924,0.794563396908966,True,59.47242206235013,17.550555995209628,15.408079791662743,-16.431039899465915,72.04207960637076,False,False
267,11,19,2533.5,221.237590053236,1203.5,76.183766184074,0.650636387866,True,90.48872180451129,52.521032642883995,-18.113974240806353,59.18944392082941,40.878421623125206,False,False
268,11,20,2009.0,203.882250993909,-524.5,-17.3553390593276,0.607514117738597,True,-20.702585356226567,-7.8446610520169,-6.627706493459162,-20.702585356226567,-6.627706493459162,False,False
269,11,21,1852.0,205.39696961967,-157.0,1.51471862576147,0.551808259044037,True,-7.81483325037332,0.742937954813061,-9.169475583862774,-26.899546082494574,-9.169475583862774,False,False
270,11,22,1612.0,226.568542494924,-240.0,21.1715728752538,0.394730871464115,True,-12.958963282937363,10.307636434197187,-28.465936311291497,-36.372607065324644,-28.465936311291497,False,False
274,11,26,1009.5,151.639610306789,-408.5,-24.3847763108503,0.551843944883313,True,-28.808180535966155,-13.85306705474827,-4.070881805731186,-45.49136069114471,39.802580638408756,False,False
284,11,36,1481.5,226.551298552221,-194.5,-28.5857864376271,0.362830528890619,True,-11.605011933174225,-11.204089142417084,12.109317442413703,-21.5930140248743,12.388377603493495,False,False
285,12,0,1847.5,193.095454429505,,,0.62283874938981,False,,,,,,False,False
286,12,1,1880.5,196.752308678998,33.0,3.65685424949243,0.61061707053198,False,1.7861975642760486,1.8938064908348373,-1.962254093825,1.7861975642760486,-1.962254093825,False,False
287,12,2,1540.5,167.438600180013,-340.0,-29.3137084989849,0.690694203378686,False,-18.080297793140122,-14.898787564831274,13.114132688256074,-18.080297793140122,13.114132688256074,False,False
288,12,3,2477.5,234.752308678998,937.0,67.3137084989849,0.565105060954272,False,60.824407659850685,40.2020253553339,-18.183031189499843,31.746875830896037,-7.4534453381817745,False,False
289,12,4,1721.5,174.610173055267,-756.0,-60.1421356237311,0.709746434048067,True,-30.514631685166492,-25.619401130563435,25.59548358132635,-30.514631685166492,25.59548358132635,False,False
290,12,5,1595.5,168.468037431535,-126.0,-6.14213562373101,0.706638105454429,True,-7.319198373511471,-3.5176275907978782,-0.43794916670586437,-35.600403632694245,25.04543920756175,False,False
291,12,6,1610.5,175.78174593052,15.0,7.31370849898482,0.655161636995491,True,0.9401441554371726,4.341303318118883,-7.284700338348459,-34.99495459132189,15.936253674519163,False,False
292,12,7,2006.5,215.78174593052,396.0,40.0,0.54168278826567,True,24.588637069233155,22.755491355632863,-17.320740764099718,-19.01109989909182,-4.144764276053337,False,False
293,12,8,1875.0,198.367532368147,-131.5,-17.4142135623731,0.598956618176053,True,-6.553700473461255,-8.070290416493442,10.573315444221354,-24.3188698284561,10.573315444221354,False,False
294,12,9,2002.0,207.195959492893,127.0,8.82842712474621,0.586187815271517,True,6.773333333333342,4.450540377929113,-2.1318410243833075,-0.22427111886369477,8.216068143560683,False,False
295,12,10,2252.5,199.438600180013,250.5,-7.75735931288065,0.711838777866158,True,12.512487512487503,-3.7439722916730367,21.435273699171088,12.260154497881892,31.41247853661442,False,False
296,12,11,2812.5,265.237590053236,560.0,65.7989898732235,0.50252498847142,True,24.86126526082131,32.992103742120584,-29.40466239029391,24.86126526082131,-7.228917115794509,False,False
297,12,12,2070.5,214.124891681028,-742.0,-51.1126983722083,0.567644193768841,True,-26.382222222222218,-19.270533396849643,12.958401431041366,-26.382222222222218,12.958401431041366,False,False
298,12,13,2019.5,212.468037431535,-51.0,-1.65685424949245,0.562330866259153,True,-2.463173146582953,-0.7737793754315714,-0.936031332305276,-28.19555555555555,11.901075401175643,False,False
299,12,14,2072.5,217.78174593052,53.0,5.31370849898491,0.549271248512657,True,2.6244119831641433,2.500944877742972,-2.3224081283984566,-26.311111111111106,9.302275730293474,False,False
300,12,15,2631.0,266.651803615609,558.5,48.8700576850889,0.465122206443341,True,26.948130277442694,22.439923730191925,-15.32012503788952,-6.453333333333333,-7.44296958084627,False,False
301,12,16,2379.5,254.066017177982,-251.5,-12.5857864376269,0.463369909334607,True,-9.559103002660585,-4.719932986378761,-0.3767390772703272,-15.395555555555552,-0.3767390772703272,False,False
302,12,17,2602.5,280.551298552221,223.0,26.4852813742387,0.415624795970368,True,9.371716747215796,10.42456668090528,-10.303887326822824,-1.083238312428736,-10.303887326822824,False,False
303,12,18,2300.0,257.137084989848,-302.5,-23.4142135623732,0.437253889343905,True,-11.623439000960612,-8.34578691426543,5.20399494525805,-12.580767768909162,5.20399494525805,False,False
304,12,19,2463.5,289.722871427475,163.5,32.585786437627,0.368911575644962,True,7.108695652173913,12.67253474500325,-15.629892692661906,-6.366400608133793,-11.239276573079248,False,False
305,12,20,1980.5,234.40916292849,-483.0,-55.3137084989849,0.453065462007178,True,-19.606251268520403,-19.091937142018644,22.81139761339588,-24.724439376662865,22.81139761339588,False,False
306,12,21,2329.5,273.781745930521,349.0,39.3725830020305,0.390651067196817,True,17.621812673567284,16.796520456003773,-13.776021357675717,-10.489913544668584,5.892873248514419,False,False
307,12,22,2511.0,276.79393923934,181.5,3.01219330881986,0.411973079154871,True,7.791371538956859,1.1002169989752897,5.458070833148798,-3.515850144092214,11.672581277674809,False,False
308,12,23,2651.5,305.865007051206,140.5,29.0710678118655,0.356260211768433,True,5.595380326563126,10.502783367206847,-13.523424273432727,5.595380326563126,-3.4293756855991453,False,False
309,12,24,2897.0,324.107647738325,245.5,18.2426406871193,0.346661183293679,True,9.25891005091457,5.964278445250493,-2.694386899706125,9.25891005091457,-2.694386899706125,False,False
310,12,25,2783.0,288.936074863072,-114.0,-35.1715728752537,0.419029835700837,True,-3.9351052813255127,-10.851818252573132,20.875903012726372,-3.9351052813255127,20.875903012726372,False,False
311,12,26,2731.5,293.865007051206,-51.5,4.92893218813452,0.397594835301792,True,-1.8505210204814992,1.7058902009622123,-5.1153876341989974,-5.712806351398003,14.69263201728699,False,False
312,12,27,2606.0,288.592929112564,-125.5,-5.2720779386421,0.393313014139071,True,-4.594545121727989,-1.7940475429670255,-1.0769307804189499,-10.044874007594062,13.457471760220185,False,False
313,12,28,2905.5,293.865007051206,299.5,5.27207793864198,0.422922128489606,True,11.492709132770539,1.8268215908317398,7.528129831998265,0.2934069727304145,21.99869753843233,False,False
314,12,29,3463.0,333.563491861041,557.5,39.6984848098353,0.39122873570031,True,19.18774737566684,13.509088818770953,-7.493907425105295,19.18774737566684,12.85622808506799,False,False
315,12,30,3336.5,274.551298552221,-126.5,-59.0121933088204,0.556390111166167,True,-3.6529021079988455,-17.691442483580854,42.21606451535662,-3.6529021079988455,42.21606451535662,False,False
316,12,31,2692.5,290.40916292849,-644.0,15.8578643762694,0.401301108740511,True,-19.301663419751236,5.7759203689407235,-27.874147888897028,-22.24949465781114,2.5745483705769123,False,False
317,12,32,2749.0,326.249783362056,56.5,35.8406204335662,0.324645624257311,True,2.0984215413184737,12.341422037840921,-19.101737526662777,-20.617961305226686,-17.01897262833044,False,False
318,12,33,2722.0,282.994949366117,-27.0,-43.2548339959394,0.427234218256563,True,-0.9821753364859909,-13.25819546918654,31.600177650305007,-21.397632110886512,31.600177650305007,False,False
319,12,34,3488.0,322.735064736295,766.0,39.7401153701778,0.420939273305081,True,28.14107274063189,14.042694210335638,-1.4734177840834195,0.7219174126479988,29.661157228920043,False,False
322,12,37,1323.0,238.651803615609,-241.5,33.8994949366117,0.291988454966225,True,-15.436241610738255,16.556343200875556,-37.75385650533283,-62.069954128440365,-10.059328341725093,False,False
324,12,39,495.5,168.811183182043,-114.5,2.58578643762692,0.21856293241303,True,-18.770491803278688,1.5555904743020932,-21.23991928020739,-85.79415137614679,-21.23991928020739,False,False
325,13,13,1947.0,203.195959492894,,,0.592749359693095,False,,,,,,False,False
326,13,14,2657.5,249.580735803744,710.5,46.3847763108503,0.536273614327098,False,36.49203903441192,22.827607609231105,-9.527761513776777,36.49203903441192,-9.527761513776777,False,False
327,13,15,3483.5,286.752308678998,826.0,37.1715728752539,0.532521622140804,False,31.08184383819379,14.893606574060115,-0.6996413931350864,31.08184383819379,-0.6996413931350864,False,False
328,13,16,2546.0,280.308657865102,-937.5,-6.44365081389594,0.407305854961052,False,-26.912587914453855,-2.247113839668957,-23.513743287337117,-26.912587914453855,-23.513743287337117,False,False
329,13,17,4998.0,393.563491861041,2452.0,113.254833995939,0.405603710359016,True,96.30793401413982,40.403616091816396,-0.4179032982962516,43.476388689536385,-0.4179032982962516,False,False
330,13,18,5100.0,366.936074863071,102.0,-26.6274169979698,0.47612899737223,True,2.0408163265306145,-6.765723332735241,17.387732215464524,2.0408163265306145,17.387732215464524,False,False
331,13,19,5710.5,367.320851173922,610.5,0.384776310850441,0.532008106006925,True,11.97058823529411,0.10486194659236059,11.736128012176007,11.97058823529411,31.164506738861796,False,False
332,13,20,5525.5,387.119841047145,-185.0,19.7989898732234,0.463463993402025,True,-3.2396462656509972,5.390107806280886,-12.884035380469905,-3.2396462656509972,14.265225284008022,False,False
333,13,21,4442.0,310.592929112564,-1083.5,-76.5269119345816,0.57880290609003,True,-19.609085150665095,-19.768274270721562,24.886272575646686,-22.213466421504247,42.701580707362986,False,False
334,13,22,2999.5,271.521861300698,-1442.5,-39.0710678118655,0.511416269256404,True,-32.47411076091851,-12.57950975365122,-11.642415081990675,-47.47395149286402,26.08767035284987,False,False
335,13,23,3203.0,317.764501987818,203.5,46.2426406871195,0.398732335689401,True,6.784464077346231,17.03090884306675,-22.03370137810531,-43.910340600647935,-13.96692270255253,False,False
336,13,24,3359.5,313.605122421384,156.5,-4.15937956643404,0.429381795247396,True,4.8860443334374,-1.3089503517272782,7.686725358003055,-41.16977497592155,7.686725358003055,False,False
337,13,25,4608.0,351.220346110534,1248.5,37.6152236891498,0.46955710355192,True,37.163268343503496,11.994454490640404,9.35654672582853,-16.604832141887616,17.762484133639234,False,False
338,13,26,4520.0,354.534054609518,-88.0,3.31370849898497,0.452020152554832,True,-1.909722222222221,0.9434842074727445,-3.734785580801858,-1.909722222222221,13.364307856622016,False,False
339,13,27,4420.0,369.504617357996,-100.0,14.9705627484771,0.406928218908566,True,-2.212389380530977,4.222602188375513,-9.975646747474642,-4.079861111111116,2.0554849671257536,False,False
340,13,28,5068.0,385.303607231219,648.0,15.7989898732234,0.429107133236668,True,14.660633484162888,4.275721907398022,5.450325953699808,9.982638888888884,7.617841551463234,False,False
341,13,29,4097.5,326.776695296638,-970.5,-58.5269119345814,0.482338676167529,True,-19.149565903709554,-15.189816766874763,12.40518714507175,-19.149565903709554,18.53163623334444,False,False
342,13,30,4759.0,391.646752981727,661.5,64.870057685089,0.389997588734322,True,16.143990237949968,19.851494497244325,-19.14445015417642,-6.0970797158642505,-4.1605937822779,False,False
343,13,31,4338.0,357.303607231219,-421.0,-34.3431457505076,0.427120114131545,True,-8.846396301744065,-8.768908586383795,9.518655106996565,-14.404104183109713,9.518655106996565,False,False
344,13,32,4484.5,377.889393668846,146.5,20.5857864376268,0.394747965893115,True,3.377132319041043,5.761426982825135,-7.579167350676441,-11.513417521704817,1.2180529562271447,False,False
345,13,33,4819.0,392.132034355965,334.5,14.2426406871194,0.393937712773934,True,7.459025532389352,3.768997205462754,-0.20525833929195825,-4.913180741910028,1.0102944616655396,False,False
346,13,34,3937.5,376.374675043085,-881.5,-15.7573593128807,0.349393689958396,True,-18.292176800166004,-4.018381038101049,-11.307377123626694,-18.292176800166004,-10.411320466800788,False,False
347,13,35,3584.0,349.019335983757,-353.5,-27.3553390593276,0.369831843910014,True,-8.977777777777774,-7.268113630704976,5.849605914191436,-25.627723594106666,5.849605914191436,False,False
348,13,37,3499.5,362.977705423414,-42.25,6.97918471982862,0.333873057073189,False,-2.3577008928571397,3.9993112130345176,-9.723009910843249,-27.381199418966595,-4.442161759433927,False,False
349,13,38,3527.5,407.605122421384,28.0,44.6274169979698,0.266884304555902,False,0.8001143020431423,12.294809386684523,-20.064138479614492,-26.800166009545546,-20.064138479614492,False,False
350,13,39,4398.5,419.462986797653,871.0,11.857864376269,0.314233573386892,False,24.691708008504598,2.9091548962454583,17.741496229903685,-8.72587673791243,17.741496229903685,False,False
351,13,40,3936.5,465.747258045115,-462.0,46.2842712474622,0.228110312714677,False,-10.503580766170284,11.034172907796824,-27.407402634911314,-10.503580766170284,-14.528389710194944,False,False
352,13,41,3861.5,434.232539419354,-75.0,-31.5147186257615,0.257422549996808,True,-1.9052457767052,-6.766485058449511,12.85002722292312,-12.208707513925198,12.85002722292312,False,False
353,13,42,3948.0,459.019335983757,86.5,24.7867965644034,0.235532293428094,True,2.2400621520134667,5.708184973320374,-8.503628205448766,-10.242127998181195,3.25368047813801,False,False
354,13,43,3899.5,512.291413922399,-48.5,53.2720779386423,0.186771259794995,True,-1.2284701114488317,11.60562829547709,-20.70248326605172,-11.344776628396048,-18.122395444431028,False,False
355,13,44,5199.0,485.847763108503,1299.5,-26.4436508138961,0.276856471806003,True,33.3247852288755,-5.161837597750885,48.232909126322674,18.1993861543708,48.232909126322674,False,False
356,13,45,4382.0,450.877200360026,-817.0,-34.9705627484772,0.270951214103836,True,-15.714560492402384,-7.1978437288116375,-2.1329671882494017,-15.714560492402384,45.071149812470665,False,False
357,13,46,4878.5,523.948268171892,496.5,73.0710678118654,0.223380247918515,True,11.33044272021908,16.206423335116217,-17.557022707080584,-6.164647047509131,19.600975098472297,False,False
358,13,47,3917.0,481.906637611549,-961.5,-42.0416305603426,0.212013264365251,True,-19.708926924259508,-8.0240041077014,-5.088625184716622,-24.658588190036546,13.514929758444772,False,False
359,14,17,1921.0,212.994949366117,,,0.532260247782013,False,,,,,,False,False
360,14,18,1606.5,198.752308678997,-314.5,-14.2426406871194,0.511200939664686,False,-16.371681415929206,-6.686844326359276,-3.9565810531752788,-16.371681415929206,-3.9565810531752788,False,False
361,14,19,1638.0,221.137084989848,31.5,22.3847763108504,0.421042576089988,False,1.9607843137254832,11.262649706879358,-17.636580174096693,-14.731910463300368,-17.636580174096693,False,False
363,14,21,2073.0,183.195959492893,64.5,-44.870057685089,0.776430877320847,True,3.211351755041081,-19.67415322997137,59.96200577193569,3.211351755041081,84.40673732599029,False,False
365,15,0,795.5,112.325901807804,,,0.79252985930463,False,,,,,,False,False
366,15,1,990.5,157.095454429505,195.0,44.7695526217005,0.504501567353269,False,24.51288497800126,39.85683791642665,-36.34289466444566,24.51288497800126,-36.34289466444566,False,False
367,15,2,759.0,150.024386617639,-231.5,-7.07106781186553,0.423890158832983,False,-23.372034326097936,-4.501128207397665,-15.978425784322525,-23.372034326097936,-15.978425784322525,False,False
368,16,27,3284.0,305.338095116624,,,0.442768220867703,False,,,,,,False,False
369,16,28,2149.0,288.308657865102,-1135.0,-17.029437251523,0.324979768083353,False,-34.561510353227774,-5.577239631699927,-26.60273416947524,-34.561510353227774,-26.60273416947524,False,False
370,16,29,2312.5,270.894444302729,163.5,-17.4142135623727,0.396110926637592,False,7.60818985574685,-6.040128552268797,21.887872889365468,-29.58282582216809,21.887872889365468,False,False
371,16,30,1987.5,291.03657992646,-325.0,20.1421356237309,0.294949224486525,False,-14.054054054054054,7.435418498735169,-25.53873052929474,-39.47929354445798,-9.240742515738877,False,False
372,16,31,2263.0,349.220346110534,275.5,58.1837661840738,0.233249517898747,True,13.861635220125779,19.991908301965378,-20.91875531973022,-31.09013398294762,-20.91875531973022,False,False
373,16,32,2586.0,380.190908859011,323.0,30.9705627484773,0.224884924413512,True,14.273088820150237,8.868487501777555,-3.5861139438093326,-21.254567600487206,-3.5861139438093326,False,False
374,16,33,2862.5,413.747258045115,276.5,33.5563491861045,0.210189257336745,True,10.692188708430006,8.826184004980497,-6.534749768172543,10.692188708430006,-6.534749768172543,False,False
375,16,34,3479.5,424.918830920369,617.0,11.1715728752538,0.242236823380195,True,21.554585152838435,2.7000959300703897,15.247004746825121,21.554585152838435,15.247004746825121,False,False
376,16,35,3474.5,388.977705423415,-5.0,-35.9411254969545,0.288654394427227,True,-0.1436988072998968,-8.4583508382309,19.162062315430383,-0.1436988072998968,37.33070761307877,False,False
377,16,36,4134.5,424.776695296638,660.0,35.7989898732234,0.288029460044724,True,18.99553892646424,9.203352627692297,-0.2164991749885048,18.824543756286815,37.0333877640906,False,False
378,16,37,2919.0,426.67619023325,-1215.5,1.89949493661169,0.201545244516903,True,-29.398959970975934,0.44717494100883215,-30.02617007107262,-29.398959970975934,-4.112490300107674,False,False
379,16,38,3001.5,356.835569799683,82.5,-69.8406204335663,0.296303886277739,True,2.8263103802672163,-16.368530054462937,47.01606430256848,-27.403555448059013,47.01606430256848,False,False
380,16,39,3565.5,427.605122421384,564.0,70.7695526217008,0.245115017594959,True,18.79060469765117,19.832538740862905,-17.275800640292104,-13.762244527754264,21.61786212445311,False,False
381,16,40,3480.5,328.208152801714,-85.0,-99.3969696196705,0.406142264577079,True,-2.3839573692329252,-23.2450371634508,65.69456598869432,-15.818115854395941,101.51418881184125,False,False
382,16,41,3446.0,275.965512114594,-34.5,-52.2426406871193,0.568775562930094,True,-0.991236891251257,-15.917532895254505,40.04343121550451,-16.65255774579756,182.2073843981928,False,False
383,16,42,3155.5,242.066017177983,-290.5,-33.8994949366119,0.676917610915554,True,-8.430063842135805,-12.28396065756735,19.013131898346213,-11.499088486888231,235.86384662069412,False,False
384,16,43,3246.5,242.551298552221,91.0,0.485281374238468,0.693654929199158,True,2.88385358897163,0.20047480430975817,2.472578348340826,-8.946851773944752,182.9916077787572,False,False
385,16,44,2156.5,276.066017177983,-1090.0,33.5147186257615,0.355679504850505,True,-33.57461882026798,13.817579549484993,-48.72385535252437,-39.517599214696396,45.10718614485245,False,False
386,16,45,1692.5,213.237590053236,-464.0,-62.8284271247464,0.46788209280694,True,-21.516345930906567,-22.75847920979016,31.54598070068577,-51.37192932049992,31.54598070068577,False,False
387,17,36,1675.5,186.124891681028,,,0.607954103037473,False,,,,,,False,False
388,17,37,2479.0,229.823376490863,803.5,43.6984848098352,0.589961135319489,False,47.95583407937929,23.478044454539383,-2.9595931054806845,47.95583407937929,-2.9595931054806845,False,False
389,17,38,2942.0,278.79393923934,463.0,48.9705627484773,0.475785595399831,False,18.67688584106495,21.307911969705074,-19.353061258489024,18.67688584106495,-19.353061258489024,False,False
390,17,39,2685.0,259.338095116624,-257.0,-19.455844122716,0.501818808141164,False,-8.735554044867433,-6.978574991909515,5.471626924614159,-8.735554044867433,5.471626924614159,False,False
391,17,40,3010.5,259.095454429505,325.5,-0.242640687119206,0.563708160155534,True,12.122905027932962,-0.09356152901865977,12.333007653423845,2.3283480625424957,18.47945074541748,False,False
392,17,41,4088.0,328.592929112564,1077.5,69.4974746830586,0.475915377072154,True,35.79139677794387,26.823116150796046,-15.574155083927998,35.79139677794387,0.02727734374008417,False,False
393,17,42,3465.5,270.066017177982,-622.5,-58.5269119345814,0.59725707290388,True,-15.227495107632095,-17.811372902224797,25.496485652181235,-15.227495107632095,25.530717759954303,False,False
394,17,43,2875.0,268.107647738325,-590.5,-1.95836943965725,0.50275305929666,True,-17.039388255662967,-0.7251447109565046,-15.823004514243566,-29.672211350293544,5.667986622034382,False,False
395,17,44,3070.5,270.066017177982,195.5,1.95836943965719,0.529181313620361,True,6.800000000000006,0.7304414686329253,5.25670681361412,-24.889921722113506,11.192312565292738,False,False
396,17,46,3196.0,271.137084989848,62.75,0.535533905932795,0.546467329867105,False,4.087282201595821,0.39659481154199483,3.266558323551294,-21.819960861056753,14.824474306543479,False,False
